{
  "@microsoft/generator-sharepoint": {
    "plusBeta": false,
    "isCreatingSolution": true,
    "nodeVersion": "18.18.2",
    "sdksVersions": {
      "@microsoft/microsoft-graph-client": "3.0.2",
      "@microsoft/teams-js": "2.12.0"
    },
    "version": "1.18.2",
    "libraryName": "dl-accrodian",
    "libraryId": "c3e34f53-c60d-4cd6-bedd-b8da8a62b45f",
    "environment": "spo",
    "packageManager": "npm",
    "solutionName": "dl-accrodian",
    "solutionShortDescription": "dl-accrodian description",
    "skipFeatureDeployment": true,
    "isDomainIsolated": false,
    "componentType": "webpart"
  }
}
